repo_owner,repo_name,cbo,dit,loc
00,Evan_shattered-pixel-dungeon,6.3381858902575585,2.849197461739455,59.21239268383725
1024,lab_smart-admin,6.414335664335664,1.2272727272727273,22.5
201206030_novel,201206030_novel,4.415841584158416,1.0693069306930694,22.495049504950494
201206030_novel,plus,6.47921760391198,1.2102689486552567,37.42053789731052
2227324689_gpmall,2227324689_gpmall,4.97877358490566,1.3608490566037736,20.90801886792453
527515025_springBoot,527515025_springBoot,5.087121212121212,1.1477272727272727,23.674242424242426
648540858_wvp,GB28181-pro,8.230974632843791,1.295060080106809,62.93591455273698
981011512_,-,3.541921483527323,2.910830538567765,66.69461432235155
aa112901_remusic,aa112901_remusic,5.18698224852071,1.4532544378698224,56.55147928994083
abel533_Mapper,abel533_Mapper,5.056768558951965,1.24235807860262,41.7117903930131
Activiti_Activiti,Activiti_Activiti,5.8018784854710885,1.5309656589374816,45.664220722042856
aeron,io_aeron,7.833968012185834,1.2985529322162985,93.5041888804265
ageerle_ruoyi,ai,6.351508120649652,1.2842227378190256,31.196055684454755
airbnb_epoxy,airbnb_epoxy,7.19672131147541,1.8131147540983608,70.96065573770491
airbnb_lottie,android,6.897610921501706,1.286689419795222,61.0580204778157
alamkanak_Android,Week-View,3.6296296296296298,1.2592592592592593,74.18518518518519
alibaba_Alink,alibaba_Alink,6.4375993154871045,1.62657376848796,58.13372448355947
alibaba_ARouter,alibaba_ARouter,3.693877551020408,1.4081632653061225,32.295918367346935
alibaba_arthas,alibaba_arthas,4.734243697478991,1.35609243697479,50.213235294117645
alibaba_atlas,alibaba_atlas,5.638559708295351,1.4357338195077485,71.79307201458523
alibaba_canal,alibaba_canal,5.814108674928503,1.3803622497616779,107.33079122974262
alibaba_COLA,alibaba_COLA,4.3291592128801435,1.3273703041144902,17.207513416815743
alibaba_DataX,alibaba_DataX,4.502454991816694,1.7152209492635024,66.44353518821605
alibaba_dexposed,alibaba_dexposed,2.9166666666666665,1.6944444444444444,67.05555555555556
alibaba_druid,alibaba_druid,5.089570131871896,1.9424558999828738,57.9506764856996
alibaba_easyexcel,alibaba_easyexcel,6.632142857142857,1.375,36.6875
alibaba_freeline,alibaba_freeline,3.8,1.6074074074074074,39.681481481481484
alibaba_jetcache,alibaba_jetcache,6.033632286995516,1.6367713004484306,40.40582959641256
alibaba_jstorm,alibaba_jstorm,5.544994944388271,1.551314459049545,74.90293225480283
alibaba_jvm,sandbox,3.4827586206896552,1.3264367816091953,33.11954022988506
alibaba_nacos,alibaba_nacos,5.709018435475834,1.289237668161435,46.232436472346784
alibaba_otter,alibaba_otter,4.613425925925926,1.373456790123457,52.594907407407405
alibaba_QLExpress,alibaba_QLExpress,5.866666666666666,1.4090909090909092,37.263636363636365
alibaba_Sentinel,alibaba_Sentinel,4.418758256274769,1.1803170409511228,36.614266842800525
alibaba_spring,ai-alibaba,6.107672876539311,1.1679823176507735,49.359962109251654
alibaba_spring,cloud-alibaba,5.810402684563758,1.110738255033557,31.731543624161073
alibaba_Tangram,Android,5.2595818815331015,1.6777003484320558,42.400696864111495
alibaba_transmittable,thread-local,5.587096774193548,1.4322580645161291,44.72258064516129
alibaba_UltraViewPager,alibaba_UltraViewPager,5.208333333333333,1.375,63.25
alibaba_vlayout,alibaba_vlayout,5.314465408805032,1.8553459119496856,88.31446540880503
alipay_SoloPi,alipay_SoloPi,4.623076923076923,1.205982905982906,48.14273504273504
allure,framework_allure2,6.059479553903346,1.304832713754647,29.966542750929367
Alluxio_alluxio,Alluxio_alluxio,6.906630245840576,1.4834864663521232,62.68909858455426
amirzaidi_Launcher3,amirzaidi_Launcher3,7.240404040404041,1.4747474747474747,60.73737373737374
amitshekhariitbhu_Android,Debug-Database,4.147540983606557,1.278688524590164,39.22950819672131
amitshekhariitbhu_android,interview-questions,0.0,1.0,5.0
amitshekhariitbhu_Fast,Android-Networking,3.219130434782609,1.2504347826086957,34.08
amitshekhariitbhu_from,java-to-kotlin,0.5,1.0,18.5
amitshekhariitbhu_RxJava2,Android-Samples,3.6648648648648647,1.2540540540540541,21.57837837837838
amlcurran_ShowcaseView,amlcurran_ShowcaseView,5.384615384615385,1.4,32.09230769230769
andkulikov_Transitions,Everywhere,6.870466321243524,1.6787564766839378,49.145077720207254
andOTP_andOTP,andOTP_andOTP,6.108433734939759,1.5,50.86144578313253
andremion_Music,Player,4.40625,1.75,28.9375
android,async-http_android-async-http,5.662337662337662,1.7857142857142858,49.48051948051948
android,hacker_VirtualXposed,3.947006194081211,2.792842395044735,32.85340674466621
android10_Android,CleanArchitecture,5.142857142857143,1.4285714285714286,21.523809523809526
androidannotations_androidannotations,androidannotations_androidannotations,5.95742471443406,1.6832814122533748,29.906542056074766
android_testing,samples,5.5,1.3488372093023255,21.5
android_views,widgets-samples,4.019736842105263,1.730263157894737,48.31578947368421
Angel,ML_angel,7.424815983175605,1.7392218717139853,107.81598317560463
anggrayudi_android,hidden-api,8.0,1.0,119.5
angryip_ipscan,angryip_ipscan,4.986945169712794,1.6657963446475197,32.89295039164491
ant,media_Ant-Media-Server,5.716568544995795,1.3254835996635828,90.35996635828427
AntennaPod_AntennaPod,AntennaPod_AntennaPod,7.420537897310513,1.4841075794621026,63.27872860635697
antlr_antlr4,antlr_antlr4,5.7734138972809665,1.8353474320241692,61.97432024169184
antoniolg_androidmvp,antoniolg_androidmvp,3.2857142857142856,1.2857142857142858,19.571428571428573
apache_beam,apache_beam,7.41647145851313,1.53464431019603,44.84274442115645
apache_calcite,apache_calcite,7.658817280453258,1.7037889518413598,65.0132790368272
apache_camel,apache_camel,4.845450828543255,1.6300295822410351,44.7764015488588
apache_cassandra,apache_cassandra,6.82328301588556,1.7696198529992888,58.785584446376355
apache_dolphinscheduler,apache_dolphinscheduler,6.531622696060715,1.3783881460065053,35.20889049512107
apache_doris,apache_doris,8.59504537650233,1.7415992151091488,73.79028697571744
apache_druid,apache_druid,7.867220472968446,1.3762979835197964,51.364105312520934
apache_dubbo,apache_dubbo,5.417380660954712,1.2880456956344348,51.186658506731945
apache_dubbo,spring-boot-project,7.112359550561798,1.1685393258426966,21.43820224719101
apache_flink,apache_flink,7.1545133179875045,1.6395922393949358,46.582744163104245
apache_flink,cdc,8.315677966101696,1.46239406779661,61.14036016949152
apache_fory,apache_fory,5.253673627223511,2.119876256767208,55.382830626450115
apache_hadoop,apache_hadoop,7.431636478612403,1.6109128686932563,76.02430100727223
apache_hbase,apache_hbase,8.171279826464207,1.4970932754880695,82.0690672451193
apache_hertzbeat,apache_hertzbeat,7.004470938897168,1.2839046199701938,43.87779433681073
apache_hive,apache_hive,6.899769189215735,1.4131513038353878,98.55630309875755
apache_hudi,apache_hudi,9.196444249341528,1.579675153643547,66.83867427568042
apache_iceberg,apache_iceberg,8.585387323943662,1.6784771126760563,68.97975352112677
apache_ignite,apache_ignite,5.62637049693863,1.654231335136931,53.66291708196877
apache_incubator,heron,5.6985074626865675,1.4662686567164178,42.06865671641791
apache_incubator,seata,6.56140350877193,1.8171600877192982,64.14172149122807
apache_iotdb,apache_iotdb,8.2313630602604,1.6079041364212467,87.08203710104851
apache_jmeter,apache_jmeter,5.494473531122746,1.9988365328679465,74.09191390343223
apache_kafka,apache_kafka,7.79709802996343,1.4364751681019228,79.65836970626401
apache_kylin,apache_kylin,7.797061909758657,1.499055613850997,66.69506820566632
apache_logging,log4j2,5.497235961594414,1.5132382892057026,48.78120453884201
apache_maven,apache_maven,5.54850136239782,1.5534059945504086,44.66675749318801
apache_nifi,apache_nifi,7.254587853594241,1.4990368042177837,63.58795498327081
apache_pinot,apache_pinot,7.359206798866856,1.5087818696883852,79.10410764872522
apache_pulsar,apache_pulsar,6.87575962187711,1.7066846725185685,70.4033760972316
apache_rocketmq,apache_rocketmq,6.881818181818182,1.3314685314685315,75.3472027972028
apache_rocketmq,externals,5.749090909090909,1.250909090909091,42.89090909090909
apache_seatunnel,apache_seatunnel,6.7976915005246585,1.3668415529905562,55.147534102833156
apache_shardingsphere,apache_shardingsphere,6.968773897527402,1.437675248534285,25.649630384909507
apache_shardingsphere,elasticjob,5.4630872483221475,1.1543624161073827,26.151006711409394
apache_shenyu,apache_shenyu,5.966295264623955,1.2364902506963789,39.66016713091922
apache_shiro,apache_shiro,5.0244140625,1.7861328125,35.86328125
apache_skywalking,apache_skywalking,6.124481327800829,1.3990318118948823,32.512793914246195
apache_storm,apache_storm,5.322014585232452,1.2167274384685507,81.85323609845032
apache_streampark,apache_streampark,7.467023172905526,1.2816399286987523,42.27629233511586
apache_tomcat,apache_tomcat,4.60539268136101,1.8138240958698908,76.19601968756687
apache_zeppelin,apache_zeppelin,5.731371618414808,1.2567631703844329,90.36260085429521
apache_zookeeper,apache_zookeeper,5.671420422133486,2.0051340559041644,69.86023958927552
apereo_cas,apereo_cas,9.242545616377392,1.4969959946595461,25.40954606141522
apolloconfig_apollo,apolloconfig_apollo,7.26729986431479,1.2645861601085482,45.45318860244233
aporter_coursera,android,4.248355263157895,1.5,29.875
apple_pkl,apple_pkl,6.295454545454546,4.377764127764128,38.486486486486484
arduino_Arduino,arduino_Arduino,4.131111111111111,1.768888888888889,57.31777777777778
arimorty_floatingsearchview,arimorty_floatingsearchview,3.5703703703703704,1.1777777777777778,30.88888888888889
aritraroy_UltimateAndroidReference,aritraroy_UltimateAndroidReference,1.0,1.0,22.0
ArthurHub_Android,Image-Cropper,7.725,1.375,116.375
AsamK_signal,cli,6.985743380855397,1.5763747454175152,54.883910386965375
ashishps1_awesome,leetcode-resources,1.1818181818181819,1.0,32.72727272727273
ashishps1_awesome,low-level-design,2.628787878787879,1.1388888888888888,18.4229797979798
ashishps1_awesome,system-design-resources,0.8181818181818182,1.0,30.545454545454547
Ashok,Varma_BottomNavigation,7.533333333333333,1.4333333333333333,69.7
asLody_VirtualApp,asLody_VirtualApp,3.9408450704225353,2.5880281690140845,32.83380281690141
AsyncHttpClient_async,http-client,5.804835924006908,1.5664939550949915,51.075993091537136
Atmosphere_atmosphere,Atmosphere_atmosphere,5.496626180836707,1.3076923076923077,49.473684210526315
aurelhubert_ahbottomnavigation,aurelhubert_ahbottomnavigation,5.108695652173913,1.173913043478261,50.84782608695652
auth0_java,jwt,5.662790697674419,1.627906976744186,103.76744186046511
AutoMQ_automq,AutoMQ_automq,7.191853536994908,1.4003899902502437,72.46939659841837
awaitility_awaitility,awaitility_awaitility,3.176470588235294,1.1941176470588235,32.194117647058825
awsdocs_aws,doc-sdk-examples,7.039450089659295,1.0400478182904962,48.92169754931261
AxonFramework_AxonFramework,AxonFramework_AxonFramework,6.4720480668756535,1.284221525600836,37.59639498432602
azkaban_azkaban,azkaban_azkaban,6.472330475448168,1.3522992985190958,73.13873733437256
baidu_uid,generator,2.88,1.28,34.92
baomidou_dynamic,datasource,5.112359550561798,1.1404494382022472,29.814606741573034
baomidou_mybatis,plus,5.911708253358925,1.3320537428023032,37.49616122840691
baoyongzhang_SwipeMenuListView,baoyongzhang_SwipeMenuListView,4.393939393939394,1.4545454545454546,40.81818181818182
Baseflow_PhotoView,Baseflow_PhotoView,4.733333333333333,1.3555555555555556,39.82222222222222
bazelbuild_bazel,bazelbuild_bazel,7.538533746362527,1.6220782878062519,55.17816577489909
Bearded,Hen_Android-Bootstrap,6.962025316455696,1.6708860759493671,131.50632911392404
beemdevelopment_Aegis,beemdevelopment_Aegis,7.416299559471366,1.7092511013215859,52.38325991189427
ben,manes_caffeine,4.916167664670659,1.5875748502994012,63.68937125748503
bepass,org_oblivion,5.637931034482759,1.4827586206896552,45.53448275862069
Bigkoo_Android,PickerView,3.7252747252747254,1.1538461538461537,48.582417582417584
bilibili_DanmakuFlameMaster,bilibili_DanmakuFlameMaster,5.162790697674419,1.6104651162790697,74.87790697674419
bilibili_MagicaSakura,bilibili_MagicaSakura,8.297619047619047,1.6785714285714286,63.892857142857146
binarywang_WxJava,binarywang_WxJava,5.505209357184981,1.2134853548260272,22.203852958521722
bingoogolapple_BGABanner,Android,5.0,1.5849056603773586,40.056603773584904
bingoogolapple_BGARefreshLayout,Android,5.148148148148148,1.4074074074074074,33.641975308641975
binIoter_GuideView,binIoter_GuideView,3.742857142857143,1.3714285714285714,35.6
bisq,network_bisq,7.495827725437416,1.7499327052489906,48.10686406460296
bitcoin,wallet_bitcoin-wallet,7.532299741602067,1.7131782945736433,47.49095607235142
bitcoinj_bitcoinj,bitcoinj_bitcoinj,7.163723916532906,1.7303370786516854,73.86516853932584
Blankj_AndroidUtilCode,Blankj_AndroidUtilCode,4.16865671641791,1.364179104477612,59.63880597014926
Blankj_awesome,java-leetcode,1.6805555555555556,1.0,24.61111111111111
blossom,editor_blossom,5.724137931034483,1.3448275862068966,30.724137931034484
bluelinelabs_Conductor,bluelinelabs_Conductor,5.476744186046512,1.3488372093023255,62.616279069767444
BoltsFramework_Bolts,Android,3.0,1.0886075949367089,32.55696202531646
booklore,app_booklore,7.946735395189004,1.0378006872852235,38.38316151202749
brettwooldridge_HikariCP,brettwooldridge_HikariCP,4.383783783783784,1.2864864864864864,61.96756756756757
brianfrankcooper_YCSB,brianfrankcooper_YCSB,7.0508474576271185,1.6355932203389831,94.89406779661017
brianway_java,learning,1.0849933598937582,1.2868525896414342,14.586985391766268
btraceio_btrace,btraceio_btrace,4.912760416666667,1.3033854166666667,53.3671875
bumptech_glide,bumptech_glide,5.978303747534516,1.2373438527284681,40.12228796844182
bytedeco_javacpp,bytedeco_javacpp,5.911627906976745,2.0093023255813955,125.70232558139534
bytedeco_javacv,bytedeco_javacv,6.125560538116592,2.1300448430493275,120.90582959641256
ByteLegend_ByteLegend,ByteLegend_ByteLegend,6.979661016949152,1.0033898305084745,352.6508474576271
cabaletta_baritone,cabaletta_baritone,6.6976744186046515,1.386892177589852,47.19661733615222
CaffeineMC_sodium,CaffeineMC_sodium,6.129323308270677,1.4390977443609023,39.40902255639098
CalebFenton_simplify,CalebFenton_simplify,8.987138263665594,1.3729903536977492,68.0064308681672
CameraKit_blurkit,android,6.1,1.5,49.7
camunda_camunda,camunda_camunda,7.180602231482726,1.3963570372361878,41.36866514316441
camunda_camunda,bpm-platform,6.2803108323190715,1.6484411571950193,50.91845332834004
careercup_ctci,careercup_ctci,1.9581993569131833,1.1189710610932475,36.154340836012864
careercup_CtCI,6th-Edition,2.12807881773399,1.0689655172413792,34.635467980295566
CarGuo_GSYVideoPlayer,CarGuo_GSYVideoPlayer,5.485849056603773,1.5754716981132075,50.20125786163522
castorflex_SmoothProgressBar,castorflex_SmoothProgressBar,4.854166666666667,1.2291666666666667,46.0
cats,oss_android-gpuimage,2.9607843137254903,2.156862745098039,41.44444444444444
CellularPrivacy_Android,IMSI-Catcher-Detector,5.059760956175299,1.3306772908366533,48.49003984063745
CeuiLiSA_Pixiv,Shaft,4.798067632850241,1.45024154589372,34.83381642512077
cglib_cglib,cglib_cglib,3.216867469879518,1.5321285140562249,35.48192771084337
ChadCSong_ShineButton,ChadCSong_ShineButton,4.833333333333333,1.625,41.166666666666664
changmingxie_tcc,transaction,5.246628131021194,1.3082851637764932,45.59537572254335
charles2gan_GDA,android-reversing-Tool,2.5625,1.0,35.4375
chentao0707_SimplifyReader,chentao0707_SimplifyReader,4.556962025316456,1.3876582278481013,54.91930379746835
chewiebug_GCViewer,chewiebug_GCViewer,5.274914089347079,2.1649484536082473,70.2852233676976
chinabugotech_hutool,chinabugotech_hutool,3.526553672316384,1.2828625235404896,49.52655367231638
chrisbanes_Android,PullToRefresh,6.024390243902439,2.1097560975609757,43.5
chrisjenx_Calligraphy,chrisjenx_Calligraphy,5.72,1.44,38.72
ChrisRM_material,theme-jetbrains,4.330532212885154,2.2549019607843137,40.66386554621849
cinit_QAuxiliary,cinit_QAuxiliary,7.6505791505791505,1.3243243243243243,80.12741312741312
citerus_dddsample,core,7.089171974522293,1.127388535031847,29.547770700636942
cjlin1_libsvm,cjlin1_libsvm,3.264705882352941,1.3529411764705883,92.70588235294117
Clans_FloatingActionButton,Clans_FloatingActionButton,4.638297872340425,1.3829787234042554,59.680851063829785
claritylab_lucida,claritylab_lucida,6.548507462686567,1.6119402985074627,86.6455223880597
clojure_clojure,clojure_clojure,3.6030534351145036,1.495092693565976,51.11886586695747
code4craft_netty,learning,5.063573883161512,1.6503436426116838,59.0713058419244
code4craft_tiny,spring,3.0849056603773586,1.150943396226415,14.556603773584905
code4craft_webmagic,code4craft_webmagic,4.531976744186046,1.183139534883721,25.563953488372093
codecentric_spring,boot-admin,7.762931034482759,1.2564655172413792,29.612068965517242
codeestX_GeekNews,codeestX_GeekNews,4.626423690205011,1.4464692482915718,27.195899772209568
CodePhiliaX_Chat2DB,CodePhiliaX_Chat2DB,6.086124401913875,1.2660287081339714,33.665071770334926
coderbruis_JavaSourceCodeLearning,coderbruis_JavaSourceCodeLearning,2.854889589905363,1.2586750788643533,19.069400630914828
CoderLeixiaoshuai_java,eight-part,,,
codingapi_tx,lcn,4.954954954954955,1.2117117117117118,35.009009009009006
CodingDocs_springboot,guide,4.115107913669065,1.1798561151079137,10.949640287769784
Col,E_Recaf,8.504563233376793,1.604302477183833,46.916558018252935
commonsguy_cw,omnibus,5.268004115226337,1.6851851851851851,36.583847736625515
conductor,oss_conductor,7.787335722819594,1.2712066905615294,76.26164874551971
coobird_thumbnailator,coobird_thumbnailator,4.062780269058296,1.2376681614349776,87.7085201793722
crate_crate,crate_crate,7.57806297962424,1.6421010849431066,58.01720031754432
crazycodeboy_react,native-splash-screen,3.4166666666666665,1.25,20.5
crazycodeboy_TakePhoto,crazycodeboy_TakePhoto,5.054545454545455,1.2545454545454546,43.69090909090909
Creators,of-Create_Create,10.753159557661927,1.8088467614533965,59.45932069510268
crossoverJie_cim,crossoverJie_cim,4.881188118811881,1.2821782178217822,27.831683168316832
crossoverJie_JCSprout,crossoverJie_JCSprout,1.962962962962963,1.0925925925925926,27.15432098765432
crossoverJie_SSM,crossoverJie_SSM,3.188073394495413,1.151376146788991,59.00917431192661
cryptomator_cryptomator,cryptomator_cryptomator,8.316027088036117,1.4288939051918736,38.963882618510155
cSploit_android,cSploit_android,4.208984375,1.517578125,44.251953125
Curzibn_Luban,Curzibn_Luban,2.9655172413793105,1.1724137931034482,37.51724137931034
cymcsg_UltimateRecyclerView,cymcsg_UltimateRecyclerView,5.214659685863874,1.693717277486911,42.102094240837694
daimajia_AndroidImageSlider,daimajia_AndroidImageSlider,4.063492063492063,1.5714285714285714,60.523809523809526
daimajia_AndroidSwipeLayout,daimajia_AndroidSwipeLayout,3.7162162162162162,1.3243243243243243,37.432432432432435
daimajia_AndroidViewAnimations,daimajia_AndroidViewAnimations,3.3780487804878048,1.8048780487804879,11.768292682926829
daimajia_NumberProgressBar,daimajia_NumberProgressBar,3.1666666666666665,1.3333333333333333,63.333333333333336
danielzeller_Depth,LIB-Android-,3.787037037037037,1.212962962962963,34.916666666666664
danikula_AndroidVideoCache,danikula_AndroidVideoCache,4.8311688311688314,1.4935064935064934,41.77922077922078
daniulive_SmarterStreaming,daniulive_SmarterStreaming,3.8488372093023258,1.052325581395349,62.5
dariuszseweryn_RxAndroidBle,dariuszseweryn_RxAndroidBle,5.373165618448637,1.3144654088050314,32.45073375262054
databricks_learning,spark,2.827067669172932,1.0150375939849625,17.25563909774436
dataease_dataease,dataease_dataease,4.947224749772521,1.2074613284804367,38.857142857142854
datahub,project_datahub,11.412727272727272,1.2115151515151514,57.32181818181818
DataLinkDC_dinky,DataLinkDC_dinky,7.13053263315829,1.355588897224306,44.360840210052515
davemorrissey_subsampling,scale-image-view,5.625,1.5833333333333333,59.19444444444444
davideas_FlexibleAdapter,davideas_FlexibleAdapter,6.024539877300613,2.1134969325153374,48.62883435582822
ddd,by-examples_library,6.788617886178862,1.0406504065040652,14.390243902439025
deathmarine_Luyten,deathmarine_Luyten,2.3488372093023258,1.5426356589147288,52.325581395348834
debezium_debezium,debezium_debezium,6.825584838614154,1.5839502517026947,62.210245780278356
deepjavalibrary_djl,deepjavalibrary_djl,6.518007202881153,1.465186074429772,57.98919567827131
deeplearning4j_deeplearning4j,deeplearning4j_deeplearning4j,8.43676133356853,2.1898041982713,98.47186452637149
dependency,check_DependencyCheck,7.058943089430894,1.8678861788617886,83.8109756097561
DerekYRC_mini,spring,3.4093959731543624,1.221476510067114,16.590604026845636
Devlight_InfiniteCycleViewPager,Devlight_InfiniteCycleViewPager,5.048780487804878,1.6341463414634145,86.92682926829268
Devlight_NavigationTabBar,Devlight_NavigationTabBar,4.017241379310345,1.3103448275862069,43.758620689655174
dianping_cat,dianping_cat,5.527484143763213,1.43446088794926,51.79756871035941
didi_DoKit,didi_DoKit,4.506054811982154,1.3205863607393244,51.27023581899299
didi_KnowStreaming,didi_KnowStreaming,7.19593147751606,1.8190578158458244,33.7441113490364
didi_VirtualAPK,didi_VirtualAPK,4.895705521472393,1.6134969325153374,48.96319018404908
diffplug_spotless,diffplug_spotless,4.986651835372636,1.74972191323693,40.63626251390434
Dimezis_BlurView,Dimezis_BlurView,5.9,1.5,31.0
DImuthuUpe_AndroidPdfViewer,DImuthuUpe_AndroidPdfViewer,4.947368421052632,1.2456140350877194,58.3859649122807
dingjikerbo_Android,BluetoothKit,4.074688796680498,1.2406639004149378,34.634854771784234
DingMouRen_LayoutManagerGroup,DingMouRen_LayoutManagerGroup,4.9523809523809526,1.5714285714285714,36.26984126984127
dinuscxj_LoadingDrawable,dinuscxj_LoadingDrawable,6.507692307692308,1.4461538461538461,68.12307692307692
discord,jda_JDA,8.85107967237528,1.8227848101265822,46.47282204020849
DiUS_java,faker,4.115555555555556,1.448888888888889,29.822222222222223
dm77_barcodescanner,dm77_barcodescanner,5.287671232876712,1.643835616438356,38.3013698630137
dmytrodanylyk_circular,progress-button,3.9743589743589745,1.2820512820512822,36.64102564102564
Docile,Alligator_Infinity-For-Reddit,6.933207309388784,1.551984877126654,59.96723377441714
Doikki_DKVideoPlayer,Doikki_DKVideoPlayer,5.326259946949602,1.5915119363395225,48.92838196286472
dongjunkun_DropDownMenu,dongjunkun_DropDownMenu,4.526315789473684,1.368421052631579,27.0
doocs_advanced,java,0.0,1.0,5.0
doocs_jvm,doocs_jvm,0.0,1.0,5.0
doocs_leetcode,doocs_leetcode,2.567073170731707,1.0060975609756098,26.914634146341463
doocs_source,code-hunter,0.0,1.0,5.0
dreamhead_moco,dreamhead_moco,5.819757365684575,1.5389948006932408,30.40207972270364
DrKLO_Telegram,DrKLO_Telegram,6.843766438716465,1.6595776658901331,119.49928609002781
DroidPluginTeam_DroidPlugin,DroidPluginTeam_DroidPlugin,3.301526717557252,4.388040712468193,28.372773536895675
dromara_dynamic,tp,4.842756183745583,1.2897526501766785,32.609540636042404
dromara_hmily,dromara_hmily,5.3717217787913345,1.2200684150513113,31.36145952109464
dromara_lamp,cloud,7.732926829268293,1.278048780487805,22.841463414634145
dromara_liteflow,dromara_liteflow,4.961832061068702,1.8030534351145038,21.66208651399491
dromara_Sa,Token,4.512032085561497,1.2232620320855614,36.01604278074866
dropbox_hackpad,dropbox_hackpad,5.088852988691438,1.8061389337641358,141.7302100161551
dropwizard_dropwizard,dropwizard_dropwizard,5.963150289017341,1.5158959537572254,28.862716763005782
dropwizard_metrics,dropwizard_metrics,5.482558139534884,1.3517441860465116,41.43895348837209
dtinit_data,transfer-project,6.841423948220065,1.2664509169363538,36.264293419633226
DTStack_chunjun,DTStack_chunjun,7.139874739039666,1.5652400835073068,54.44050104384134
DuGuQiuBai_Java,DuGuQiuBai_Java,0.7722132471728594,1.1777059773828755,17.51211631663974
dunwu_db,tutorial,5.205741626794258,1.1818181818181819,53.60287081339713
dyc87112_SpringBoot,Learning,4.4535315985130115,1.0260223048327137,10.371747211895912
dyc87112_SpringCloud,Learning,5.878205128205129,1.044871794871795,43.243589743589745
eirslett_frontend,maven-plugin,5.595959595959596,1.7272727272727273,37.54545454545455
elastic_logstash,elastic_logstash,5.408352668213457,1.6450116009280742,47.00232018561485
ElderDrivers_EdXposed,ElderDrivers_EdXposed,6.065217391304348,1.6032608695652173,78.03695652173913
elunez_eladmin,elunez_eladmin,8.01418439716312,1.1631205673758864,28.592198581560282
emilsjolander_StickyListHeaders,emilsjolander_StickyListHeaders,4.813953488372093,1.3953488372093024,49.116279069767444
enso,org_enso,6.372968688069758,1.695996829171621,46.01268331351566
EnterpriseQualityCoding_FizzBuzzEnterpriseEdition,EnterpriseQualityCoding_FizzBuzzEnterpriseEdition,2.901098901098901,1.0,9.824175824175825
Ereza_CustomActivityOnCrash,Ereza_CustomActivityOnCrash,5.4,1.3333333333333333,59.53333333333333
ethanhua_Skeleton,ethanhua_Skeleton,3.727272727272727,1.2424242424242424,22.78787878787879
etsy_AndroidStaggeredGrid,etsy_AndroidStaggeredGrid,5.861111111111111,1.8611111111111112,111.38888888888889
eugenp_tutorials,eugenp_tutorials,4.118267372489707,1.1118813545080246,22.101546088563985
evant_gradle,retrolambda,4.6,1.04,24.92
Evernote_android,job,6.994708994708994,1.7671957671957672,56.576719576719576
exadel,inc_CompreFace,7.852852852852853,1.6576576576576576,23.32132132132132
Exrick_xboot,Exrick_xboot,7.415472779369628,1.2120343839541547,29.412607449856733
Exrick_xmall,Exrick_xmall,4.310126582278481,1.1613924050632911,143.33227848101265
Exrick_xpay,Exrick_xpay,6.428571428571429,1.0,69.0
fabric8io_kubernetes,client,21.936865115082938,1.116111611161116,47.48862029060049
facebookarchive_rebound,facebookarchive_rebound,4.379310344827586,1.3218390804597702,47.06896551724138
facebookarchive_shimmer,android,8.571428571428571,1.8571428571428572,126.42857142857143
facebook_fresco,facebook_fresco,6.6464454976303315,1.4180094786729858,47.80189573459715
facebook_stetho,facebook_stetho,4.379251700680272,1.4234693877551021,32.72278911564626
failsafe,lib_failsafe,6.38655462184874,2.063025210084034,42.12605042016807
fast,excel_fesod,6.452076677316294,1.3498402555910542,35.52076677316294
FasterXML_jackson,databind,3.7734912146676853,1.7104660045836517,30.961993888464477
ferredoxin_QNotified,ferredoxin_QNotified,6.00587084148728,1.63013698630137,69.43444227005871
fesh0r_fernflower,fesh0r_fernflower,4.421203438395415,1.2277936962750717,79.06017191977077
ffay_lanproxy,ffay_lanproxy,4.238095238095238,1.1904761904761905,42.34920634920635
firebase_FirebaseUI,Android,9.788732394366198,1.9577464788732395,46.73943661971831
fishercoder1534_Leetcode,fishercoder1534_Leetcode,1.5528107372106594,1.0003890293717175,27.298969072164947
Flipboard_bottomsheet,Flipboard_bottomsheet,4.897058823529412,1.3676470588235294,37.911764705882355
florent37_MaterialViewPager,florent37_MaterialViewPager,4.545454545454546,1.2954545454545454,36.72727272727273
flowable_flowable,engine,6.606513495427169,1.6648449698862369,58.05509703323667
flutter,webrtc_flutter-webrtc,6.633333333333334,1.2222222222222223,91.96666666666667
flyway_flyway,flyway_flyway,5.96969696969697,1.5041322314049588,43.039944903581265
FongMi_TV,FongMi_TV,6.709480122324159,1.408256880733945,47.084097859327215
forezp_SpringCloudLearning,forezp_SpringCloudLearning,4.5524475524475525,1.048951048951049,7.853146853146853
frank,lam_fullstack-tutorial,,,
Freelander_Android_Data,Freelander_Android_Data,2.0,1.0,58.0
freeok_so,novel,5.9156626506024095,1.1686746987951808,35.6144578313253
freeplane_freeplane,freeplane_freeplane,4.547063781961225,1.5644844057319471,46.52402360213543
Freeyourgadget_Gadgetbridge,Freeyourgadget_Gadgetbridge,5.413556217082665,1.8392489122967712,55.23311197618502
frogermcs_InstaMaterial,frogermcs_InstaMaterial,4.7875,1.5375,27.7875
frohoff_ysoserial,frohoff_ysoserial,5.458333333333333,1.3416666666666666,32.09166666666667
fuzhengwei_itstack,demo-design,2.167441860465116,1.1069767441860465,18.567441860465117
fuzhengwei_small,spring,3.472,1.2506666666666666,27.677333333333333
Fuzion24_JustTrustMe,Fuzion24_JustTrustMe,2.5555555555555554,1.1851851851851851,22.14814814814815
fyhertz_libstreaming,fyhertz_libstreaming,3.5730337078651684,1.4157303370786516,76.38202247191012
gabrielemariotti_cardslib,gabrielemariotti_cardslib,5.901356350184956,2.177558569667078,39.77435265104809
GcsSloop_AndroidNote,GcsSloop_AndroidNote,4.875,1.375,50.25
gedoor_MyBookshelf,gedoor_MyBookshelf,6.334828101644245,1.4693572496263079,71.89237668161435
geeeeeeeeek_WeChatLuckyMoney,geeeeeeeeek_WeChatLuckyMoney,5.380952380952381,1.380952380952381,44.333333333333336
geekxh_hello,algorithm,1.0,1.0,20.333333333333332
Genymobile_gnirehtet,Genymobile_gnirehtet,3.765432098765432,1.1851851851851851,53.45679012345679
geoserver_geoserver,geoserver_geoserver,7.251040221914009,1.8200212123684425,62.30048135759158
gephi_gephi,gephi_gephi,4.480117203850984,1.6726663876098786,52.56885726245291
getActivity_AndroidProject,getActivity_AndroidProject,7.215083798882682,2.142458100558659,57.1731843575419
getActivity_Toaster,getActivity_Toaster,4.527777777777778,1.3333333333333333,41.02777777777778
getActivity_XXPermissions,getActivity_XXPermissions,6.654639175257732,1.5463917525773196,46.144329896907216
GeyserMC_Geyser,GeyserMC_Geyser,8.23904052936311,1.965260545905707,49.41439205955335
gh0stkey_HaE,gh0stkey_HaE,4.149253731343284,1.6567164179104477,59.223880597014926
GitLqr_LQRWeChat,GitLqr_LQRWeChat,5.005181347150259,1.4170984455958548,45.626943005181346
go,lang-plugin-org_go-lang-idea-plugin,8.120141342756185,2.073321554770318,40.07332155477032
gocd_gocd,gocd_gocd,7.459219530238579,1.275013870908082,49.56537821342704
goldze_MVVMHabit,goldze_MVVMHabit,3.58307210031348,1.2727272727272727,28.557993730407524
GoogleContainerTools_jib,GoogleContainerTools_jib,7.0625,1.2215909090909092,50.10085227272727
googlemaps_android,maps-utils,7.123287671232877,1.6757990867579908,63.858447488584474
googlesamples_easypermissions,googlesamples_easypermissions,8.93939393939394,1.4848484848484849,51.666666666666664
googlesamples_mlkit,googlesamples_mlkit,7.670157068062827,1.5340314136125655,52.026178010471206
google_agera,google_agera,6.327586206896552,1.2413793103448276,37.57586206896552
google_android,classyshark,3.169811320754717,1.278301886792453,41.10377358490566
google_auto,google_auto,4.11062335381914,1.7058823529411764,27.99209833187006
google_bundletool,google_bundletool,9.699885452462771,1.268041237113402,62.21993127147766
google_cameraview,google_cameraview,4.833333333333333,1.2638888888888888,41.43055555555556
google_closure,compiler,6.735666418466121,1.5089352196574832,114.78667163067759
google_error,prone,7.8112846668791835,1.53490596110934,34.08033152693656
google_ExoPlayer,google_ExoPlayer,7.587930508991161,1.295032002438281,79.95976836330387
google_google,authenticator,3.8852459016393444,1.6885245901639345,64.50819672131148
google_google,java-format,5.7272727272727275,1.4242424242424243,77.28484848484848
google_grafika,google_grafika,6.407766990291262,1.7475728155339805,97.42718446601941
google_gson,google_gson,3.024163568773234,1.2815985130111525,32.015799256505574
google_guava,google_guava,4.039800995024875,1.80068407960199,39.52223258706468
google_guice,google_guice,3.8033505154639173,1.3041237113402062,21.824484536082473
google_open,location-code,4.955223880597015,1.1791044776119404,34.25373134328358
google_physical,web,4.788461538461538,1.2884615384615385,47.955128205128204
google_rejoiner,google_rejoiner,6.6183206106870225,1.5725190839694656,27.221374045801525
google_tsunami,security-scanner,6.260416666666667,1.5416666666666667,29.73611111111111
google_volley,google_volley,5.190476190476191,1.696969696969697,40.23809523809524
grantland_android,autofittextview,5.375,1.375,58.75
graphhopper_graphhopper,graphhopper_graphhopper,6.756438557763061,1.2597498160412068,72.73436350257542
graphql,java_graphql-java,8.336053412462908,1.3946587537091988,52.00074183976261
Graylog2_graylog2,server,8.045383633527159,1.3354134165366616,33.985959438377535
greenrobot_EventBus,greenrobot_EventBus,3.4262295081967213,1.8360655737704918,28.792349726775956
greenrobot_greenDAO,greenrobot_greenDAO,5.019230769230769,2.1016483516483517,50.9478021978022
GrenderG_Toasty,GrenderG_Toasty,4.0625,1.0625,30.4375
GrowingGit_GitHub,Chinese-Top-Charts,0.0,1.0,5.0
grpc,ecosystem_grpc-spring,6.605263157894737,1.4784688995215312,25.72248803827751
grpc_grpc,java,5.60051076249544,1.3934695366654506,46.80098504195549
Grt1228_chatgpt,java,6.741293532338308,1.099502487562189,19.233830845771145
gsantner_markor,gsantner_markor,6.90519877675841,1.5045871559633028,88.03669724770643
guardianproject_haven,guardianproject_haven,6.822784810126582,1.3924050632911393,57.734177215189874
gunnarmorling_1brc,gunnarmorling_1brc,3.2983333333333333,1.09,89.05166666666666
guolindev_giffun,guolindev_giffun,5.382845188284519,1.2782426778242677,46.85564853556485
guolindev_LitePal,guolindev_LitePal,5.009950248756219,1.6517412935323383,58.85572139303483
gyf,dev_ImmersionBar,6.352112676056338,2.1056338028169015,50.96478873239437
gyoogle_tech,interview-for-developer,1.3076923076923077,1.0,48.92307692307692
gzu,liyujiang_AndroidPicker,5.435146443514644,1.6443514644351465,56.65690376569037
H07000223_FlycoTabLayout,H07000223_FlycoTabLayout,6.454545454545454,1.5454545454545454,82.72727272727273
h2database_h2database,h2database_h2database,6.016726403823178,2.0579450418160095,138.0663082437276
h2pl_JavaTutorial,h2pl_JavaTutorial,0.3333333333333333,1.0,4.666666666666667
h6ah4i_android,advancedrecyclerview,6.60506329113924,2.4075949367088607,52.38481012658228
hackware1993_MagicIndicator,hackware1993_MagicIndicator,5.0,1.3398058252427185,44.00970873786408
haifengl_smile,haifengl_smile,5.5389805097451275,1.3628185907046477,75.69340329835083
halo,dev_halo,7.529855436832181,1.2608422375864237,32.86360779384035
hanks,zyh_HTextView,4.197802197802198,1.5604395604395604,33.8021978021978
HannahMitt_HomeMirror,HannahMitt_HomeMirror,2.727272727272727,1.0757575757575757,26.045454545454547
hansonwang99_Spring,Boot-In-Action,3.8656716417910446,1.1194029850746268,20.253731343283583
HarlonWang_AVLoadingIndicatorView,HarlonWang_AVLoadingIndicatorView,3.5652173913043477,1.7826086956521738,23.48913043478261
hdodenhof_CircleImageView,hdodenhof_CircleImageView,11.0,2.3333333333333335,120.0
Heeexy_SpringBoot,Shiro-Vue,5.777777777777778,1.4074074074074074,23.444444444444443
heibaiying_BigData,Notes,5.714285714285714,1.2207792207792207,27.584415584415584
helidon,io_helidon,5.6004886988393405,1.4377927102423131,41.355528405620035
Helium314_HeliBoard,Helium314_HeliBoard,6.666666666666667,1.4683544303797469,97.86497890295358
HelloWorld521_Java,HelloWorld521_Java,3.806451612903226,1.4193548387096775,21.75
hibernate_hibernate,orm,6.789535613429558,1.4002588641355507,41.86954816441795
HMCL,dev_HMCL,6.8307692307692305,1.6961538461538461,60.426153846153845
hmkcode_Android,hmkcode_Android,4.696428571428571,1.6607142857142858,24.767857142857142
hneemann_Digital,hneemann_Digital,5.047881122729774,1.6835443037974684,41.79526692350028
hollischuang_toBeTopJavaer,hollischuang_toBeTopJavaer,,,
hongyangAndroid_AndroidAutoLayout,hongyangAndroid_AndroidAutoLayout,5.833333333333333,2.0,30.384615384615383
hongyangAndroid_baseAdapter,hongyangAndroid_baseAdapter,4.88,1.32,31.26
hongyangAndroid_FlowLayout,hongyangAndroid_FlowLayout,4.323529411764706,1.411764705882353,23.823529411764707
hongyangAndroid_okhttputils,hongyangAndroid_okhttputils,3.7285714285714286,1.457142857142857,28.014285714285716
HotBitmapGG_bilibili,android-client,4.92128801431127,1.8175313059033988,69.5742397137746
houbb_sensitive,word,3.04,1.1733333333333333,18.42222222222222
hs,web_hsweb-framework,6.163915094339623,1.3443396226415094,29.055424528301888
huanghaibin,dev_CalendarView,6.568181818181818,2.159090909090909,65.66477272727273
huangyanbin_smartTable,huangyanbin_smartTable,5.126373626373627,1.1895604395604396,38.91483516483517
huburt,Hu_NewbieGuide,4.3076923076923075,1.1794871794871795,24.307692307692307
hugeterry_CoordinatorTabLayout,hugeterry_CoordinatorTabLayout,5.294117647058823,1.411764705882353,27.823529411764707
hussien89aa_AndroidTutorialForBeginners,hussien89aa_AndroidTutorialForBeginners,4.511627906976744,1.496124031007752,30.674418604651162
hustcc_JS,Sorting-Algorithm,3.5833333333333335,1.0,32.416666666666664
iBotPeaches_Apktool,iBotPeaches_Apktool,5.906593406593407,1.9175824175824177,68.08791208791209
ikarus23_MifareClassicTool,ikarus23_MifareClassicTool,11.090909090909092,2.272727272727273,201.0
ikew0ng_SwipeBackLayout,ikew0ng_SwipeBackLayout,5.222222222222222,1.3888888888888888,90.83333333333333
iluwatar_java,design-patterns,3.3632523759239703,1.197465681098205,18.73495248152059
immutables_immutables,immutables_immutables,4.6779970760233915,1.2832602339181287,25.964181286549707
infinilabs_analysis,ik,4.815789473684211,1.368421052631579,67.65789473684211
IoT,Technology_IoT-Technical-Guide,4.085034013605442,1.248299319727891,17.806122448979593
IrisShaders_Iris,IrisShaders_Iris,6.25219298245614,1.3157894736842106,41.5328947368421
iterate,ch_cyberduck,6.464366591181564,1.3532702810710004,39.61782336485946
ittianyu_BottomNavigationViewEx,ittianyu_BottomNavigationViewEx,4.896551724137931,1.5862068965517242,47.275862068965516
ityouknow_spring,boot-examples,4.726384364820847,1.0260586319218241,14.530944625407166
ityouknow_spring,cloud-examples,3.8333333333333335,1.0166666666666666,6.5
j,easy_easy-rules,5.092592592592593,1.3148148148148149,29.98148148148148
Jacksgong_JKeyboardPanelSwitch,Jacksgong_JKeyboardPanelSwitch,5.2,1.3,34.72
jacoco_jacoco,jacoco_jacoco,4.258510638297873,1.4319148936170212,39.13191489361702
jagrosh_MusicBot,jagrosh_MusicBot,6.741935483870968,2.5053763440860215,44.053763440860216
JakeWharton_ActionBarSherlock,JakeWharton_ActionBarSherlock,6.283372365339578,1.9508196721311475,61.97423887587822
JakeWharton_butterknife,JakeWharton_butterknife,3.9595588235294117,1.2352941176470589,28.352941176470587
JakeWharton_DiskLruCache,JakeWharton_DiskLruCache,3.25,1.3333333333333333,161.41666666666666
JakeWharton_hugo,JakeWharton_hugo,5.714285714285714,1.1428571428571428,54.857142857142854
JakeWharton_NineOldAndroids,JakeWharton_NineOldAndroids,4.2898550724637685,1.434782608695652,54.96376811594203
JakeWharton_ThreeTenABP,JakeWharton_ThreeTenABP,4.285714285714286,1.4285714285714286,16.714285714285715
JakeWharton_u2020,JakeWharton_u2020,6.2164179104477615,1.4253731343283582,35.865671641791046
JakeWharton_ViewPagerIndicator,JakeWharton_ViewPagerIndicator,6.015151515151516,2.712121212121212,44.65151515151515
janishar_android,mvp-architecture,5.815068493150685,1.3835616438356164,27.732876712328768
janishar_mit,deep-learning-book-pdf,0.0,1.0,2.0
jankotek_mapdb,jankotek_mapdb,3.2395437262357416,2.0228136882129277,76.79847908745248
JanusGraph_janusgraph,JanusGraph_janusgraph,7.016350210970464,1.4425105485232068,54.992616033755276
Jasonchenlijian_FastBle,Jasonchenlijian_FastBle,4.380952380952381,1.2952380952380953,44.885714285714286
java,decompiler_jd-gui,4.538083538083538,2.4176904176904177,47.44226044226044
java,native-access_jna,4.874418604651162,2.53276955602537,45.16025369978858
javagrowing_JGrowing,javagrowing_JGrowing,1.5263157894736843,1.0,17.31578947368421
javahuang_SurveyKing,javahuang_SurveyKing,5.175,1.23,23.0925
JavaNoober_BackgroundLibrary,JavaNoober_BackgroundLibrary,4.7899159663865545,1.2100840336134453,67.47058823529412
javaparser_javaparser,javaparser_javaparser,8.823084677419354,1.877016129032258,68.98034274193549
javastacks_spring,boot-best-practice,4.744318181818182,1.0909090909090908,11.181818181818182
Javen205_IJPay,Javen205_IJPay,5.589743589743589,1.36996336996337,51.78021978021978
jbloch_effective,java-3e-source-code,1.1287128712871286,1.188118811881188,14.94059405940594
jboss,javassist_javassist,3.388288288288288,1.553153153153153,74.97837837837838
JCTools_JCTools,JCTools_JCTools,4.601522842639594,3.9086294416243654,47.058375634517766
jd,opensource_joyagent-jdgenie,4.98015873015873,1.119047619047619,36.43650793650794
jdamcd_android,crop,4.290322580645161,1.3870967741935485,54.064516129032256
jeasonlzy_ImagePicker,jeasonlzy_ImagePicker,5.828947368421052,1.486842105263158,48.48684210526316
jeasonlzy_okhttp,OkGo,5.650969529085873,1.6232686980609419,37.16897506925208
jeecgboot_JeecgBoot,jeecgboot_JeecgBoot,7.167874396135265,1.182367149758454,56.218599033816425
jeecgboot_jimureport,jeecgboot_jimureport,6.75,1.0833333333333333,25.0
jeequan_jeepay,jeequan_jeepay,8.852727272727273,1.7836363636363637,31.214545454545455
JeffLi1993_springboot,learning-example,4.614035087719298,1.043859649122807,14.394736842105264
jenkinsci_jenkins,jenkinsci_jenkins,6.2403214024835645,1.8967616264913563,45.43827611395179
JeremyLiao_LiveEventBus,JeremyLiao_LiveEventBus,3.227272727272727,1.1103896103896105,25.266233766233768
JessYanCoding_AndroidAutoSize,JessYanCoding_AndroidAutoSize,5.408163265306122,1.4081632653061225,35.10204081632653
JessYanCoding_MVPArms,JessYanCoding_MVPArms,6.644295302013423,1.2818791946308725,40.1744966442953
JesusFreke_smali,JesusFreke_smali,6.018229166666667,1.6666666666666667,40.592013888888886
jetlinks_jetlinks,community,8.780130293159608,1.277958740499457,32.80564603691639
jetty_jetty.project,jetty_jetty.project,5.57786392193557,1.6326025932361983,48.101189680523994
jfeinstein10_SlidingMenu,jfeinstein10_SlidingMenu,5.121621621621622,1.9594594594594594,41.689189189189186
JFormDesigner_FlatLaf,JFormDesigner_FlatLaf,3.8156028368794326,3.6843971631205674,86.91489361702128
jgilfelt_chuck,jgilfelt_chuck,5.833333333333333,1.380952380952381,40.42857142857143
jgilfelt_SystemBarTint,jgilfelt_SystemBarTint,8.0,1.7777777777777777,89.66666666666667
jhy_jsoup,jhy_jsoup,6.306372549019608,1.8063725490196079,93.03676470588235
jindrapetrik_jpexs,decompiler,5.872041420118343,1.9233234714003944,85.26084812623274
jishenghua_jshERP,jishenghua_jshERP,5.825,1.3277777777777777,197.375
jitsi_jitsi,jitsi_jitsi,5.438607398197078,1.9011501398818775,61.06154802611128
jlegewie_zotfile,jlegewie_zotfile,,,
jMonkeyEngine_jmonkeyengine,jMonkeyEngine_jmonkeyengine,6.692235441452723,1.6202254226675015,63.5463368816531
JoanZapata_android,iconify,3.511627906976744,1.2325581395348837,21.13953488372093
JodaOrg_joda,time,8.578096947935368,2.2836624775583485,164.475763016158
joelittlejohn_jsonschema2pojo,joelittlejohn_jsonschema2pojo,6.7011070110701105,1.1402214022140222,52.745387453874535
johncarl81_parceler,johncarl81_parceler,4.693181818181818,1.35,23.081818181818182
jOOQ_jOOQ,jOOQ_jOOQ,9.79371790999698,1.8320749018423437,67.19148293566899
journeyapps_zxing,android-embedded,5.4375,1.3645833333333333,53.84375
jpush_aurora,imui,4.804093567251462,1.5292397660818713,52.01169590643275
json,path_JsonPath,4.557065217391305,1.486413043478261,44.75
JSQLParser_JSqlParser,JSQLParser_JSqlParser,6.358282208588957,1.5447852760736196,57.00490797546012
jtablesaw_tablesaw,jtablesaw_tablesaw,6.270588235294118,1.284967320261438,63.355555555555554
junit,team_junit-framework,4.708868144690782,1.3033838973162193,28.732788798133022
junit,team_junit4,3.8681169272603673,1.4643099932019035,22.397008837525494
junixapp_XPopup,junixapp_XPopup,4.704918032786885,1.5770491803278688,40.485245901639345
justauth_JustAuth,justauth_JustAuth,5.51010101010101,1.3434343434343434,30.575757575757574
Justson_AgentWeb,Justson_AgentWeb,5.3984375,1.48828125,44.21875
jwtk_jjwt,jwtk_jjwt,5.623423423423423,1.9945945945945946,28.922522522522524
JZ,Darkal_AndroidHttpCapture,4.712933753943218,1.416403785488959,50.1577287066246
k0shk0sh_FastHub,k0shk0sh_FastHub,8.07387580299786,1.4379014989293362,43.17023554603854
karatelabs_karate,karatelabs_karate,6.63013698630137,1.2054794520547945,68.64383561643835
karma9874_AndroRAT,karma9874_AndroRAT,2.8727272727272726,1.1636363636363636,32.6
Karumi_Dexter,Karumi_Dexter,4.425,1.2,27.4625
kaushikgopal_RxJava,Android-Samples,6.627906976744186,1.8255813953488371,30.61627906976744
kdn251_interviews,kdn251_interviews,1.1945525291828794,1.0038910505836576,21.8715953307393
KeepSafe_TapTargetView,KeepSafe_TapTargetView,4.512820512820513,1.1538461538461537,50.38461538461539
kekingcn_kkFileView,kekingcn_kkFileView,6.939024390243903,1.048780487804878,114.85365853658537
kermitt2_grobid,kermitt2_grobid,5.287744227353463,1.2522202486678509,112.77264653641208
kestra,io_kestra,8.213242961418144,1.4520333680917623,34.63972888425443
kevin,wayne_algs4,4.003584229390681,1.021505376344086,80.72401433691756
keycloak_keycloak,keycloak_keycloak,6.8751727314601565,1.5409949332105022,59.17745278673422
kikoso_android,stackblur,1.7560975609756098,1.0975609756097562,22.75609756097561
killbill_killbill,killbill_killbill,8.661481784690954,1.794924273434302,61.787965616045845
killme2008_aviatorscript,killme2008_aviatorscript,4.635496183206107,1.498091603053435,71.30152671755725
KingJA_LoadSir,KingJA_LoadSir,5.1891891891891895,1.554054054054054,20.013513513513512
knightliao_disconf,knightliao_disconf,4.437647058823529,1.3576470588235294,32.96235294117647
knowm_XChange,knowm_XChange,5.952535496957403,1.5040567951318458,30.181135902636917
Konloch_bytecode,viewer,4.736714975845411,2.0531400966183573,52.56280193236715
koral,-_android-gif-drawable,6.15625,1.65625,45.625
koush_AndroidAsync,koush_AndroidAsync,3.613259668508287,1.5322283609576428,33.30755064456722
koush_ion,koush_ion,4.577854671280277,1.4602076124567474,32.674740484429066
krahets_hello,algo,1.8744186046511628,1.0,35.84651162790698
krahets_LeetCode,Book,1.3333333333333333,1.0,12.0968992248062
ksoichiro_Android,ObservableScrollView,5.014925373134329,1.9671641791044776,37.67462686567164
kubernetes,client_java,6.96736437419906,1.6015378043571122,171.382486117044
kunal,kushwaha_DSA-Bootcamp-Java,1.2687747035573123,1.08300395256917,26.142292490118578
KunMinX_Jetpack,MVVM-Best-Practice,4.840336134453781,1.6218487394957983,31.016806722689076
KunMinX_Linkage,RecyclerView,6.4,1.5466666666666666,34.026666666666664
kyleduo_SwitchButton,kyleduo_SwitchButton,4.37037037037037,1.4074074074074074,57.148148148148145
LandGrey_SpringBootVulExploit,LandGrey_SpringBootVulExploit,3.4285714285714284,1.0,18.428571428571427
langchain4j_langchain4j,langchain4j_langchain4j,6.080543272267846,1.184144030322173,40.474099810486415
languagetool,org_languagetool,5.377206446661551,1.5909439754412893,81.46661550268611
laobie_StatusBarUtil,laobie_StatusBarUtil,4.151515151515151,1.5454545454545454,31.393939393939394
LaurieWired_GhidraMCP,LaurieWired_GhidraMCP,16.333333333333332,1.6666666666666667,406.3333333333333
LawnchairLauncher_lawnchair,LawnchairLauncher_lawnchair,10.318769230769231,1.5846153846153845,76.4676923076923
lcodecorex_TwinklingRefreshLayout,lcodecorex_TwinklingRefreshLayout,4.28476821192053,1.3708609271523178,41.54304635761589
lecho_hellocharts,android,6.30718954248366,1.522875816993464,71.86274509803921
lenve_JavaEETest,lenve_JavaEETest,3.5194805194805197,1.0974025974025974,13.85064935064935
lenve_VBlog,lenve_VBlog,4.551724137931035,1.0344827586206897,26.93103448275862
lenve_vhr,lenve_vhr,4.4361702127659575,1.0212765957446808,31.606382978723403
leolin310148_ShortcutBadger,leolin310148_ShortcutBadger,5.290322580645161,1.1612903225806452,28.548387096774192
lets,blade_blade,4.62214983713355,1.234527687296417,49.899022801302934
LFDT,web3j_web3j,4.274167987321712,1.7369255150554674,34.157686212361334
lgvalle_Material,Animations,4.4,1.4666666666666666,22.444444444444443
liaohuqiu_android,Ultra-Pull-To-Refresh,4.055900621118012,1.4161490683229814,34.01242236024845
libgdx_libgdx,libgdx_libgdx,5.121855921855921,1.798046398046398,71.33724053724053
LibrePDF_OpenPDF,LibrePDF_OpenPDF,5.935243553008596,1.859025787965616,88.25845272206304
lightbend_config,lightbend_config,5.475,2.055,65.93
lihangleo2_ShadowLayout,lihangleo2_ShadowLayout,4.0,1.1384615384615384,52.87692307692308
lihengming_spring,boot-api-project-seed,5.0,1.2666666666666666,32.266666666666666
lilishop_lilishop,lilishop_lilishop,7.614690721649485,1.3170103092783505,27.59536082474227
line_armeria,line_armeria,6.454248366013072,1.3219732337379395,46.06535947712418
lingochamp_FileDownloader,lingochamp_FileDownloader,4.5278810408921935,1.687732342007435,53.48327137546468
lingochamp_okdownload,lingochamp_okdownload,6.443148688046647,1.2653061224489797,55.352769679300295
linhaojun857_aurora,linhaojun857_aurora,7.287625418060201,1.117056856187291,16.5752508361204
linkedin_databus,linkedin_databus,5.527704485488127,1.3568601583113455,82.01912928759894
linlinjava_litemall,linlinjava_litemall,4.6175040518638575,1.1264181523500811,147.2998379254457
LinShunKang_MyPerf4J,LinShunKang_MyPerf4J,4.101307189542483,1.173202614379085,33.65359477124183
linyiqun_DataMiningAlgorithm,linyiqun_DataMiningAlgorithm,2.2936507936507935,1.0873015873015872,92.56349206349206
lionsoul2014_ip2region,lionsoul2014_ip2region,3.473684210526316,1.2105263157894737,45.921052631578945
lipangit_JiaoZiVideoPlayer,lipangit_JiaoZiVideoPlayer,7.27536231884058,2.1159420289855073,65.3768115942029
liquibase_liquibase,liquibase_liquibase,6.832950631458094,1.7956371986222732,56.781859931113665
lisawray_groupie,lisawray_groupie,5.096774193548387,1.8279569892473118,41.913978494623656
litesuits_android,common,3.5176470588235293,1.2470588235294118,76.69411764705882
liuyubobobo_Play,with-Algorithms,2.8947368421052633,1.0075187969924813,39.75187969924812
liyifeng1994_ssm,liyifeng1994_ssm,4.157894736842105,1.6842105263157894,19.42105263157895
LMAX,Exchange_disruptor,4.480487804878049,1.2902439024390244,32.114634146341466
logisim,evolution_logisim-evolution,5.961154855643045,2.4288713910761155,84.85774278215223
loks666_get_jobs,loks666_get_jobs,4.480769230769231,1.0,69.63461538461539
lsjwzh_RecyclerViewPager,lsjwzh_RecyclerViewPager,4.309859154929577,1.4929577464788732,38.521126760563384
LSPosed_LSPatch,LSPosed_LSPatch,4.342465753424658,1.3493150684931507,48.0
LSPosed_LSPosed,LSPosed_LSPosed,5.522248243559719,1.6463700234192038,53.75175644028103
lucasr_twoway,view,6.078431372549019,1.8235294117647058,72.31372549019608
LuckSiege_PictureSelector,LuckSiege_PictureSelector,5.156037991858887,1.237449118046133,53.05698778833107
luckybilly_CC,luckybilly_CC,4.966666666666667,1.2583333333333333,38.325
lugg_react,native-config,4.565217391304348,1.391304347826087,18.608695652173914
lukas,krecan_ShedLock,5.918158567774936,2.1892583120204603,28.964194373401533
luontola_retrolambda,luontola_retrolambda,2.475,1.4125,20.2
LWJGL_lwjgl3,LWJGL_lwjgl3,6.76233635448137,2.376334340382679,109.43464249748237
lygttpod_SuperTextView,lygttpod_SuperTextView,3.046511627906977,1.1627906976744187,46.53488372093023
M66B_FairEmail,M66B_FairEmail,4.726179245283019,1.2712264150943395,57.299764150943396
macrozheng_mall,macrozheng_mall,3.9342105263157894,1.2394736842105263,132.7671052631579
macrozheng_mall,learning,4.971887550200803,1.104417670682731,57.76706827309237
macrozheng_mall,swarm,3.787958115183246,1.2316753926701571,132.98821989528795
macrozheng_springcloud,learning,4.884444444444444,1.0222222222222221,25.026666666666667
makovkastar_FloatingActionButton,makovkastar_FloatingActionButton,5.666666666666667,1.8148148148148149,37.55555555555556
Manabu,GT_ExpandableTextView,5.133333333333334,1.7333333333333334,36.8
mapstruct_mapstruct,mapstruct_mapstruct,3.825859817152808,1.1689159773617763,21.011754462342186
markzhai_AndroidPerformanceMonitor,markzhai_AndroidPerformanceMonitor,4.074074074074074,1.2777777777777777,41.370370370370374
material,components_material-components-android,7.130519165453664,1.5376031052886947,55.67782629791363
mbechler_marshalsec,mbechler_marshalsec,7.291666666666667,1.8194444444444444,30.75
mcxiaoke_android,volley,5.090909090909091,1.893939393939394,37.61363636363637
mcxiaoke_packer,ng-plugin,2.806451612903226,1.3870967741935485,57.29032258064516
mcxtzhang_SwipeDelMenuLayout,mcxtzhang_SwipeDelMenuLayout,3.1,1.25,27.125
meefik_linuxdeploy,meefik_linuxdeploy,7.162162162162162,1.6486486486486487,72.78378378378379
Meituan,Dianping_Leaf,3.475,1.425,32.625
Meituan,Dianping_Robust,3.5238095238095237,1.2619047619047619,70.30952380952381
Meituan,Dianping_walle,3.148936170212766,1.1914893617021276,49.287234042553195
mercyblitz_tech,weekly,2.888888888888889,1.0246913580246915,17.17283950617284
metersphere_metersphere,metersphere_metersphere,6.6781857451403885,1.2980561555075594,86.94168466522679
microg_GmsCore,microg_GmsCore,5.734107241569928,1.7103372028745163,30.195688225538973
micrometer,metrics_micrometer,5.705366357069144,1.2884416924664603,41.76315789473684
micronaut,projects_micronaut-core,5.757780507780508,1.3230958230958232,35.70249795249795
microservices,patterns_ftgo-application,5.345945945945946,1.1891891891891893,18.562162162162164
microsoft_malmo,microsoft_malmo,7.0503597122302155,2.143884892086331,68.81294964028777
microsoft_typespec,microsoft_typespec,9.010309278350515,1.1481659074562456,41.77751138815632
MiguelCatalan_MaterialSearchView,MiguelCatalan_MaterialSearchView,4.048780487804878,1.3170731707317074,33.19512195121951
mik3y_usb,serial-for-android,6.196969696969697,1.3181818181818181,123.81818181818181
MinecraftForge_MinecraftForge,MinecraftForge_MinecraftForge,7.128434886499402,2.1714456391875747,37.75746714456392
mission,peace_interview,2.0134932533733134,1.0374812593703149,40.86806596701649
MisterBooo_LeetCodeAnimation,MisterBooo_LeetCodeAnimation,1.0,1.0,19.5
mock,server_mockserver,7.27321911632101,1.6871055004508566,58.732191163210096
mockito_mockito,mockito_mockito,3.4723809523809526,1.4004761904761904,24.85238095238095
Mojang_brigadier,Mojang_brigadier,6.635294117647059,1.1529411764705881,50.72941176470588
motianhuo_wechat,motianhuo_wechat,5.2362204724409445,1.2503937007874015,54.21417322834645
MovingBlocks_Terasology,MovingBlocks_Terasology,6.098576512455516,1.4451957295373665,39.712099644128116
mpusher_mpush,mpusher_mpush,4.731155778894473,1.3442211055276383,37.768844221105525
mrniko_netty,socketio,4.964497041420119,1.2662721893491125,36.88165680473373
MuntashirAkon_AppManager,MuntashirAkon_AppManager,7.917197452229299,1.4770700636942675,81.04203821656051
mybatis_generator,mybatis_generator,7.809006211180124,1.9596273291925466,105.64596273291926
mybatis_mybatis,3,3.5389908256880735,1.239678899082569,34.652522935779814
MyCATApache_Mycat,Server,4.895429899302866,1.2943454686289697,71.98993028659953
mywalkb_LSPosed_mod,mywalkb_LSPosed_mod,5.574944071588367,1.6241610738255035,53.977628635346754
naman14_Timber,naman14_Timber,5.399558498896247,1.4613686534216335,48.16556291390729
NanoHttpd_nanohttpd,NanoHttpd_nanohttpd,4.340277777777778,1.7916666666666667,49.34722222222222
natario1_CameraView,natario1_CameraView,5.597378277153558,1.3745318352059925,39.61610486891386
nathanmarz_storm,nathanmarz_storm,4.425381903642773,1.2878965922444183,71.1539365452409
navasmdc_MaterialDesignLibrary,navasmdc_MaterialDesignLibrary,4.536585365853658,1.8170731707317074,35.69512195121951
nayuki_QR,Code-generator,3.9473684210526314,1.4210526315789473,95.94736842105263
Nepxion_Discovery,Nepxion_Discovery,4.778985507246377,1.2693236714975846,31.67874396135266
Netflix_concurrency,limits,4.609375,1.28125,40.0859375
Netflix_conductor,Netflix_conductor,7.498493975903615,1.2545180722891567,70.86144578313252
Netflix_eureka,Netflix_eureka,5.884097035040432,1.2708894878706198,44.31132075471698
Netflix_Hystrix,Netflix_Hystrix,3.340648379052369,1.570074812967581,30.92768079800499
Netflix_maestro,Netflix_maestro,8.385214007782102,1.6196498054474708,52.33949416342413
Netflix_ribbon,Netflix_ribbon,4.385915492957746,1.2661971830985916,30.687323943661973
Netflix_SimianArmy,Netflix_SimianArmy,5.845901639344262,1.4229508196721312,52.64262295081967
Netflix_zuul,Netflix_zuul,6.508982035928144,1.6127744510978044,43.08582834331337
netty_netty,netty_netty,4.421857233101705,1.5099178774478839,48.24914718888187
networknt_light,4j,4.57246963562753,1.1708502024291498,55.68906882591093
newbee,ltd_newbee-mall,5.033707865168539,1.0674157303370786,44.21348314606742
nextcloud_android,nextcloud_android,9.293069306930693,1.687128712871287,92.31485148514851
nhaarman_ListViewAnimations,nhaarman_ListViewAnimations,6.474452554744525,2.0583941605839415,41.583941605839414
nICEnnnnnnnLee_BilibiliDown,nICEnnnnnnnLee_BilibiliDown,4.206106870229007,1.7213740458015268,75.7175572519084
Nightonke_BoomMenu,Nightonke_BoomMenu,5.6347826086956525,1.5739130434782609,67.04347826086956
nining377_dolby_beta,nining377_dolby_beta,4.145945945945946,1.454054054054054,39.464864864864865
nisrulz_android,tips-tricks,1.0,1.0,22.0
NLPchina_ansj_seg,NLPchina_ansj_seg,6.31651376146789,1.188073394495413,54.88532110091743
NLPchina_elasticsearch,sql,9.601449275362318,2.0833333333333335,119.17753623188406
nostra13_Android,Universal-Image-Loader,4.864285714285714,1.5857142857142856,53.1
NotFound9_interviewGuide,NotFound9_interviewGuide,,,
novicezk_midjourney,proxy,5.9,1.2444444444444445,30.966666666666665
nytimes_Store,nytimes_Store,6.2,1.5620689655172413,38.92413793103448
objectbox_objectbox,java,5.127551020408164,1.7551020408163265,62.232142857142854
oblac_jodd,oblac_jodd,3.993131868131868,1.440934065934066,36.925824175824175
obsidiandynamics_kafdrop,obsidiandynamics_kafdrop,5.52,1.32,42.15
oddfar_campus,imaotai,6.339449541284404,1.4128440366972477,35.44954128440367
ogaclejapan_SmartTabLayout,ogaclejapan_SmartTabLayout,6.355555555555555,1.6444444444444444,42.48888888888889
oldmanpushcart_greys,anatomy,4.066666666666666,1.1541666666666666,44.891666666666666
ongakuer_CircleIndicator,ongakuer_CircleIndicator,6.511111111111111,1.6222222222222222,38.044444444444444
OpenAPITools_openapi,generator,5.169981498612396,1.2391304347826086,59.640379278445884
OpenFeign_feign,OpenFeign_feign,5.134723336006416,1.6824378508420208,30.02886928628709
opengoofy_hippo4j,opengoofy_hippo4j,4.646310432569974,1.2027141645462256,25.15691263782867
OpenHFT_Chronicle,Queue,5.49498997995992,1.591182364729459,55.23246492985972
OpenRefine_OpenRefine,OpenRefine_OpenRefine,6.696991404011461,1.6883954154727794,52.220630372492835
opensearch,project_OpenSearch,7.461877455665286,1.7340979080386536,67.36205798024848
OpenTSDB_opentsdb,OpenTSDB_opentsdb,7.139874739039666,1.2839248434237995,109.22338204592901
oracle_opengrok,oracle_opengrok,5.351950354609929,1.6382978723404256,62.61879432624114
orhanobut_dialogplus,orhanobut_dialogplus,5.241379310344827,1.0344827586206897,36.10344827586207
orhanobut_hawk,orhanobut_hawk,3.6153846153846154,1.0384615384615385,32.07692307692308
orhanobut_logger,orhanobut_logger,5.833333333333333,1.1666666666666667,45.94444444444444
orientechnologies_orientdb,orientechnologies_orientdb,6.477718360071301,1.609229550406021,89.11428005545653
oshi_oshi,oshi_oshi,5.599105812220566,1.5901639344262295,54.30253353204173
osmandapp_OsmAnd,osmandapp_OsmAnd,8.737208147044212,1.6130153999006458,113.25169730087762
paascloud_paascloud,master,6.10377358490566,1.3153638814016173,22.140161725067387
pagehelper_Mybatis,PageHelper,5.8121546961325965,1.441988950276243,40.828729281767956
PaperMC_Paper,PaperMC_Paper,6.896518607442977,1.6857142857142857,38.551980792316925
pardom,zz_ActiveAndroid,5.435483870967742,1.7419354838709677,50.935483870967744
PBH,BTN_PeerBanHelper,6.373182552504039,1.3247172859450727,42.46526655896607
pedant_sweet,alert-dialog,4.375,1.25,58.9375
pedrovgs_AndroidWiFiADB,pedrovgs_AndroidWiFiADB,2.8666666666666667,1.5,36.53333333333333
pedrovgs_EffectiveAndroidUI,pedrovgs_EffectiveAndroidUI,4.438356164383562,1.3424657534246576,26.34246575342466
pentaho_pentaho,kettle,6.010904134484325,1.278964107223989,69.70804179918218
permissions,dispatcher_PermissionsDispatcher,1.6218487394957983,1.226890756302521,26.756302521008404
perwendel_spark,perwendel_spark,4.542986425339366,1.2986425339366516,43.38461538461539
PhilJay_MPAndroidChart,PhilJay_MPAndroidChart,8.843137254901961,1.9803921568627452,68.99019607843137
phishman3579_java,algorithms-implementation,3.710706150341686,1.5831435079726652,72.34168564920273
phodal_migration,phodal_migration,1.4166666666666667,1.0,8.416666666666666
Piasy_BigImageViewer,Piasy_BigImageViewer,4.607142857142857,1.2857142857142858,29.916666666666668
pig,mesh_pig,6.910526315789474,1.3105263157894738,19.85
pingfangushi_screw,pingfangushi_screw,4.985294117647059,1.3529411764705883,28.977941176470587
pinpoint,apm_pinpoint,5.208080362070869,1.1425102108400487,31.46727011811458
plantuml_plantuml,plantuml_plantuml,7.133163913595934,1.542312579415502,47.47445997458704
PlexPt_chatgpt,java,5.27536231884058,1.2753623188405796,29.130434782608695
pmd_pmd,pmd_pmd,5.726537613330066,2.053173241852487,35.930899289389856
pockethub_PocketHub,pockethub_PocketHub,6.5754716981132075,1.4811320754716981,32.924528301886795
PojavLauncherTeam_PojavLauncher,PojavLauncherTeam_PojavLauncher,6.233830845771144,1.4104477611940298,67.53482587064677
PowerJob_PowerJob,PowerJob_PowerJob,5.7456953642384105,1.1841059602649007,32.69403973509934
powermock_powermock,powermock_powermock,3.4397163120567376,1.2427107959022852,25.98581560283688
pqpo_SmartCropper,pqpo_SmartCropper,6.25,1.3333333333333333,85.08333333333333
prestodb_presto,prestodb_presto,8.763722195551289,1.3739798367738838,60.704832773243716
processing_processing,processing_processing,3.7310195227765726,1.6420824295010845,118.94902386117137
prolificinteractive_material,calendarview,6.454545454545454,1.5340909090909092,41.56818181818182
promeG_TinyPinyin,promeG_TinyPinyin,2.0615384615384613,1.0923076923076922,21.523076923076925
provectus_kafka,ui,7.243664717348928,1.510721247563353,35.358674463937625
proxyee,down-org_proxyee-down,5.516666666666667,1.4666666666666666,56.53333333333333
puniverse_quasar,puniverse_quasar,3.386953298739807,1.497405485544848,39.11786508524833
pxb1988_dex2jar,pxb1988_dex2jar,5.42907180385289,1.5709281961471104,73.05779334500876
pytorch_serve,pytorch_serve,5.800796812749004,1.4661354581673307,74.68924302788845
Qihoo360_RePlugin,Qihoo360_RePlugin,5.197368421052632,1.4166666666666667,66.39254385964912
qiurunze123_miaosha,qiurunze123_miaosha,4.146853146853147,1.1258741258741258,30.003496503496503
qstumn_BadgeView,qstumn_BadgeView,4.3428571428571425,1.3142857142857143,50.25714285714286
quarkusio_quarkus,quarkusio_quarkus,5.160787687601568,1.2230188318516395,28.86444890545837
quartz,scheduler_quartz,5.575697211155378,1.4422310756972112,69.00996015936255
querydsl_querydsl,querydsl_querydsl,5.204207920792079,1.9873143564356435,30.518564356435643
Querz_mcaselector,Querz_mcaselector,6.8474576271186445,2.4369114877589455,68.49905838041431
qunarcorp_bistoury,qunarcorp_bistoury,4.837619397501837,1.2792064658339457,54.10580455547392
rabbitmq_rabbitmq,tutorials,4.588235294117647,1.0,29.019607843137255
Ramotion_folding,cell-android,4.142857142857143,1.3333333333333333,38.666666666666664
raphw_byte,buddy,6.147154471544716,1.6159349593495935,46.54113821138211
razerdp_BasePopup,razerdp_BasePopup,5.887323943661972,1.6954225352112675,49.80105633802817
rbmonster_learning,note,2.1945288753799392,1.1732522796352585,20.316109422492403
react,native-camera_react-native-camera,,,
react,native-image-picker_react-native-image-picker,6.181818181818182,1.5454545454545454,73.72727272727273
react,native-linear-gradient_react-native-linear-gradient,5.157894736842105,1.631578947368421,25.68421052631579
react,native-share_react-native-share,5.585365853658536,2.073170731707317,43.707317073170735
react,native-webrtc_react-native-webrtc,6.119402985074627,1.1492537313432836,60.985074626865675
reactive,streams_reactive-streams-jvm,3.122004357298475,1.2766884531590414,34.287581699346404
ReactiveX_RxAndroid,ReactiveX_RxAndroid,2.272727272727273,1.1272727272727272,26.4
ReactiveX_RxJava,ReactiveX_RxJava,2.5245639167439116,1.3186989129518834,31.222297126485213
reactor_reactor,core,7.188418708240534,1.6824053452115812,90.17149220489978
redisson_redisson,redisson_redisson,5.957237995092885,1.342446547493866,59.16719242902208
redis_jedis,redis_jedis,5.538083538083538,1.4201474201474202,89.90090090090091
redis_lettuce,redis_lettuce,6.310123456790124,1.3925925925925926,54.24691358024691
RedSpider1_concurrent,RedSpider1_concurrent,,,
rememberber_WePush,rememberber_WePush,6.811594202898551,1.5797101449275361,82.06521739130434
remkop_picocli,remkop_picocli,3.0037414965986393,1.1115646258503402,32.66428571428571
rengwuxian_MaterialEditText,rengwuxian_MaterialEditText,5.653846153846154,1.3076923076923077,130.19230769230768
rengwuxian_RxJavaSamples,rengwuxian_RxJavaSamples,4.547169811320755,1.3962264150943395,18.88679245283019
resilience4j_resilience4j,resilience4j_resilience4j,6.9974905897114175,1.466750313676286,38.79548306148055
rest,assured_rest-assured,5.2414772727272725,1.1988636363636365,40.62642045454545
ReVanced_revanced,patches,5.25754060324826,1.368909512761021,45.109048723897914
rey5137_material,rey5137_material,6.511475409836065,1.6459016393442623,89.65901639344263
RikkaApps_Sui,RikkaApps_Sui,4.932584269662922,1.1797752808988764,50.71910112359551
RipMeApp_ripme,RipMeApp_ripme,5.009375,2.540625,62.203125
RoaringBitmap_RoaringBitmap,RoaringBitmap_RoaringBitmap,5.586206896551724,1.1394984326018809,122.9090909090909
robinhood_ticker,robinhood_ticker,4.612903225806452,1.3225806451612903,51.0
roboguice_roboguice,roboguice_roboguice,4.499550224887556,1.2227886056971515,22.196701649175413
robolectric_robolectric,robolectric_robolectric,5.932344064386318,1.3667002012072436,56.28169014084507
rockerhieu_emojicon,rockerhieu_emojicon,5.153846153846154,1.564102564102564,76.17948717948718
rom1v_sndcpy,rom1v_sndcpy,7.75,2.0,53.5
romandanylyk_PageIndicatorView,romandanylyk_PageIndicatorView,5.513888888888889,1.5,49.05555555555556
roncoo_roncoo,pay,5.2055837563451774,1.281725888324873,50.53299492385787
ronmamo_reflections,ronmamo_reflections,2.771573604060914,1.1522842639593909,24.274111675126903
roughike_BottomBar,roughike_BottomBar,4.909090909090909,1.2878787878787878,42.93939393939394
rovo89_XposedInstaller,rovo89_XposedInstaller,4.896551724137931,1.4187192118226601,44.23645320197044
rstudio_rstudio,rstudio_rstudio,4.892678749821607,1.277579563293849,32.52376195233338
rubenlagus_TelegramBots,rubenlagus_TelegramBots,10.398160315374508,2.2036793692509855,27.608409986859396
rubensousa_GravitySnapHelper,rubensousa_GravitySnapHelper,6.375,1.75,76.25
rubensousa_PreviewSeekBar,rubensousa_PreviewSeekBar,5.6521739130434785,1.173913043478261,50.69565217391305
rubensousa_ViewPagerCards,rubensousa_ViewPagerCards,5.333333333333333,1.5555555555555556,26.666666666666668
runelite_runelite,runelite_runelite,3.614918292040063,1.2216657880864523,125.64153927253558
ryanhoo_StylishMusicPlayer,ryanhoo_StylishMusicPlayer,5.025773195876289,1.309278350515464,29.778350515463917
s4kibs4mi_java,developer-roadmap,0.0,1.0,5.0
saiwu,bigkoo_Android-ConvenientBanner,4.827586206896552,1.4482758620689655,29.24137931034483
Sayi_poi,tl,6.493333333333333,1.2057142857142857,43.43047619047619
saysky_ForestBlog,saysky_ForestBlog,5.104651162790698,1.069767441860465,28.337209302325583
scribejava_scribejava,scribejava_scribejava,4.208502024291498,1.4008097165991902,25.649797570850204
scwang90_SmartRefreshLayout,scwang90_SmartRefreshLayout,6.651026392961877,1.5073313782991202,53.21407624633431
seaswalker_spring,analysis,2.4242424242424243,1.2424242424242424,11.454545454545455
SeleniumHQ_selenium,SeleniumHQ_selenium,5.96147672552167,1.3820224719101124,47.35741037988229
seven332_EhViewer,seven332_EhViewer,7.144758735440932,1.821963394342762,73.83028286189683
sherxon_AlgoDS,sherxon_AlgoDS,1.3380281690140845,1.004225352112676,29.883098591549295
shopizer,ecommerce_shopizer,7.9367396593673964,1.6828872668288726,43.38118410381184
shuzheng_zheng,shuzheng_zheng,4.530451866404715,1.4086444007858545,82.00785854616896
shuzijun_leetcode,editor,6.32890365448505,1.7375415282392026,44.588039867109636
shwenzhang_AndResGuard,shwenzhang_AndResGuard,3.5303030303030303,1.5,98.57575757575758
signalapp_Signal,Server,9.127943485086343,1.4803767660910518,47.0392464678179
singwhatiwanna_dynamic,load-apk,5.806451612903226,1.4516129032258065,42.25806451612903
skylot_jadx,skylot_jadx,4.457856399583767,1.6670135275754423,44.50398890045092
smuyyh_BookReader,smuyyh_BookReader,4.798283261802575,1.4377682403433476,44.22603719599428
Snailclimb_guide,rpc-framework,4.621052631578947,1.2105263157894737,24.273684210526316
Snailclimb_JavaGuide,Snailclimb_JavaGuide,,,
sockeqwe_mosby,sockeqwe_mosby,5.380664652567976,1.6117824773413898,25.88821752265861
socketio_socket.io,client-java,1.9213973799126638,1.0960698689956332,24.624454148471617
sofastack_sofa,boot,5.153259949195597,1.1981371718882303,27.798475867908554
sofastack_sofa,jraft,6.228094575799722,1.4638386648122392,95.68497913769124
sofastack_sofa,rpc,5.221204188481676,1.3219895287958114,47.40903141361257
software,mansion_react-native-svg,6.545871559633028,2.646788990825688,60.0
SonarSource_sonarqube,SonarSource_sonarqube,7.195891841708251,1.1754670999187653,47.84983172797958
spinnaker_spinnaker,spinnaker_spinnaker,6.594429513804056,1.5682873198143172,28.842413877351575
SplashCodes_JAViewer,SplashCodes_JAViewer,5.787709497206704,1.5977653631284916,35.245810055865924
SPLWare_esProc,SPLWare_esProc,6.680377358490566,2.170566037735849,160.70528301886793
spockframework_spock,spockframework_spock,5.40633608815427,1.4476584022038568,35.108815426997246
spotbugs_spotbugs,spotbugs_spotbugs,4.083301707779886,1.3686907020872865,41.20569259962049
spring,attic_spring-mvc-showcase,5.172413793103448,1.206896551724138,22.086206896551722
spring,attic_spring-security-oauth,6.064064064064064,1.6026026026026026,35.23923923923924
spring,cloud_spring-cloud-gateway,6.902378999179655,1.3716160787530762,33.5233798195242
spring,cloud_spring-cloud-kubernetes,7.887259395050412,1.2612282309807517,29.153070577451878
spring,cloud_spring-cloud-netflix,7.208333333333333,1.2159090909090908,32.234848484848484
spring,io_initializr,5.90650406504065,1.2669376693766938,43.052845528455286
spring,projects_spring-ai,7.5054945054945055,1.1857142857142857,43.84615384615385
spring,projects_spring-authorization-server,10.251840942562593,1.3946980854197348,54.77761413843888
spring,projects_spring-boot,5.385442893110552,1.2938887617303731,29.776150148775464
spring,projects_spring-data-examples,2.6212144040982372,1.0085882175681784,7.704384511074281
spring,projects_spring-framework,5.231697989510489,1.476125437062937,41.06402972027972
spring,projects_spring-security,7.7145413870246085,1.264578672632364,40.67486950037286
springdoc_springdoc,openapi,3.9317333333333333,1.3138666666666667,14.4768
springfox_springfox,springfox_springfox,5.702464788732394,1.1205985915492958,28.27024647887324
springside_springside4,springside_springside4,3.165079365079365,1.276190476190476,40.768253968253966
sqshq_piggymetrics,sqshq_piggymetrics,6.040404040404041,1.0606060606060606,19.0
square_android,times-square,4.553191489361702,1.2340425531914894,48.638297872340424
square_dagger,square_dagger,3.1748768472906406,1.229064039408867,19.810344827586206
square_javapoet,square_javapoet,4.505050505050505,1.1515151515151516,76.17171717171718
square_otto,square_otto,2.4352941176470586,1.388235294117647,23.376470588235293
square_sqlbrite,square_sqlbrite,4.69811320754717,1.3584905660377358,31.40566037735849
sshahine_JFoenix,sshahine_JFoenix,6.92,1.6235294117647059,57.75529411764706
ssssssss,team_spider-flow,5.385093167701863,1.7329192546583851,54.33540372670807
stanfordnlp_CoreNLP,stanfordnlp_CoreNLP,5.922415795586527,1.6499419279907084,129.46225319396052
StarRocks_starrocks,StarRocks_starrocks,8.615651260504201,1.4980042016806723,77.26628151260505
stfalcon,studio_ChatKit,5.768518518518518,2.8981481481481484,43.333333333333336
Stirling,Tools_Stirling-PDF,8.208547008547008,1.2324786324786325,60.67008547008547
stleary_JSON,java,3.1868131868131866,1.2197802197802199,134.52747252747253
strimzi_strimzi,kafka-operator,11.280836236933798,1.4961672473867595,83.41184668989547
sunfusheng_MarqueeView,sunfusheng_MarqueeView,5.409090909090909,1.3636363636363635,36.54545454545455
SuperMonster003_AutoJs6,SuperMonster003_AutoJs6,5.149886877828054,1.4649321266968325,63.0197963800905
supertokens_supertokens,core,10.998973305954825,1.5965092402464065,110.33778234086242
Suwayomi_Suwayomi,Server,5.551470588235294,1.625,100.4779411764706
swagger,api_swagger-core,4.820460704607046,1.2262872628726287,28.742547425474253
syncthing_syncthing,android,6.514084507042254,1.6901408450704225,59.32394366197183
tbruyelle_RxPermissions,tbruyelle_RxPermissions,4.65,1.1,43.8
tchiotludo_akhq,tchiotludo_akhq,8.20327868852459,1.2918032786885245,56.95737704918033
Team,xManager_xManager,2.017175572519084,1.0209923664122138,41.63358778625954
TeamAmaze_AmazeFileManager,TeamAmaze_AmazeFileManager,7.3047404063205414,1.4492099322799097,71.89841986455981
TeamNewPipe_NewPipe,TeamNewPipe_NewPipe,8.295221843003413,1.6450511945392492,70.93174061433447
tencentmusic_supersonic,tencentmusic_supersonic,6.28169014084507,1.2904929577464788,40.81954225352113
Tencent_APIJSON,Tencent_APIJSON,5.885714285714286,1.2428571428571429,197.77142857142857
Tencent_GT,Tencent_GT,3.9069097888675626,1.2975047984644914,53.01919385796545
Tencent_matrix,Tencent_matrix,5.680545585068198,1.3431442928930366,56.73510409188801
Tencent_QMUI_Android,Tencent_QMUI_Android,5.468105065666041,1.629455909943715,54.69887429643527
Tencent_Shadow,Tencent_Shadow,4.244807121661721,1.78486646884273,32.5
Tencent_tinker,Tencent_tinker,4.7942307692307695,1.603846153846154,77.78461538461538
Tencent_VasSonic,Tencent_VasSonic,4.198198198198198,1.2792792792792793,66.85585585585585
termux_termux,app,5.909657320872274,1.4299065420560748,76.0404984423676
testcontainers_testcontainers,java,5.3478260869565215,1.4938684503901896,34.55629877369008
TGX,Android_Telegram-X,9.468630849220103,1.4228769497400346,145.64852686308492
TheAlgorithms_Java,TheAlgorithms_Java,2.0624584717607974,1.0438538205980066,38.287707641196015
TheoKanning_openai,java,5.387878787878788,1.084848484848485,16.866666666666667
theonedev_onedev,theonedev_onedev,5.838206627680312,1.4108187134502923,40.1879873294347
thinkaurelius_titan,thinkaurelius_titan,5.864491844416562,1.3695106649937265,44.64429109159347
ThirtyDegreesRay_OpenHub,ThirtyDegreesRay_OpenHub,6.7560975609756095,1.6326219512195121,37.422256097560975
tiann_epic,tiann_epic,3.228187919463087,1.6241610738255035,34.40939597315436
tianshiyeben_wgcloud,tianshiyeben_wgcloud,6.0423728813559325,1.194915254237288,51.73728813559322
timehop_sticky,headers-recyclerview,4.620689655172414,1.2758620689655173,27.862068965517242
tink,crypto_tink,7.6662116040955635,1.2887372013651877,56.08259385665529
TNG_ArchUnit,TNG_ArchUnit,3.6097494553376905,1.2753267973856208,21.820806100217865
TommyLemon_Android,ZBLibrary,5.377358490566038,1.559748427672956,46.31132075471698
tonikelope_megabasterd,tonikelope_megabasterd,2.7611940298507465,1.4875621890547264,102.85074626865672
TooTallNate_Java,WebSocket,3.5555555555555554,1.8199233716475096,49.06130268199234
torakiki_pdfsam,torakiki_pdfsam,6.960815047021944,1.40282131661442,30.25862068965517
traccar_traccar,traccar_traccar,5.572379367720466,1.9229062673322241,37.496949528563505
traex_RippleEffect,traex_RippleEffect,3.4210526315789473,1.368421052631579,26.526315789473685
trello,archive_RxLifecycle,6.432098765432099,1.654320987654321,29.234567901234566
Trinea_android,common,4.4363636363636365,1.2454545454545454,60.972727272727276
tronprotocol_java,tron,8.860774818401937,1.7590799031476998,91.1955205811138
tuguangquan_mybatis,tuguangquan_mybatis,3.734359961501444,1.304138594802695,37.64966313763234
tyrantgit_ExplosionField,tyrantgit_ExplosionField,4.9,1.5,34.3
uber_NullAway,uber_NullAway,4.553633217993079,1.2197231833910034,40.84083044982699
uknownothingsnow_CircleProgress,uknownothingsnow_CircleProgress,5.76,1.68,58.04
uknownothingsnow_JsBridge,uknownothingsnow_JsBridge,3.5,1.15625,36.25
umano_AndroidSlidingUpPanel,umano_AndroidSlidingUpPanel,4.9411764705882355,1.3529411764705883,118.29411764705883
uncle,novel_uncle-novel,7.289962825278811,1.657992565055762,63.1635687732342
undertow,io_undertow,5.203673864002578,1.2417015791169836,52.20109571382533
VaughnVernon_IDDD_Samples,VaughnVernon_IDDD_Samples,4.7373271889400925,1.663594470046083,43.74039938556068
Vedenin_useful,java-links,2.3041825095057034,1.0228136882129277,22.688212927756656
vert,x3_vertx-examples,5.339246119733924,1.8226164079822615,20.07760532150776
vespa,engine_vespa,6.04207769532955,1.6164120471409864,52.152859013531206
vinc3m1_RoundedImageView,vinc3m1_RoundedImageView,8.4,1.8,84.33333333333333
vipshop_vjtools,vipshop_vjtools,3.134564643799472,1.2770448548812665,48.50131926121372
vipulasri_Timeline,View,9.0,1.5,209.0
wasabeef_Blurry,wasabeef_Blurry,5.142857142857143,1.0,45.42857142857143
wasabeef_glide,transformations,5.555555555555555,2.1481481481481484,36.7037037037037
wasabeef_richeditor,android,2.4186046511627906,1.1395348837209303,18.697674418604652
watabou_pixel,dungeon,5.723480333730632,2.5446960667461265,46.034564958283674
water8394_flink,recommandSystem-demo,3.727272727272727,1.077922077922078,23.83116883116883
wdullaer_MaterialDateTimePicker,wdullaer_MaterialDateTimePicker,6.589041095890411,1.4657534246575343,103.23287671232876
weibocom_motan,weibocom_motan,5.941943127962086,1.4348341232227488,55.55568720379147
WeiYe,Jing_datax-web,5.041009463722397,1.38801261829653,43.53627760252366
wendux_DSBridge,Android,2.978723404255319,1.1063829787234043,39.170212765957444
wequick_Small,wequick_Small,3.8054054054054056,1.4756756756756757,41.76216216216216
wildfirechat_im,server,6.406712734452122,1.541954590325765,156.37314906219152
williamfiset_Algorithms,williamfiset_Algorithms,2.611231101511879,1.0539956803455723,70.18358531317494
willowtreeapps_spruce,android,4.860655737704918,1.3688524590163935,34.99180327868852
winterbe_java8,tutorial,1.0340909090909092,1.0,23.647727272727273
WinterChenS_my,site,6.188888888888889,1.1888888888888889,38.84444444444444
wiremock_wiremock,wiremock_wiremock,5.751347190146267,1.3702848344880678,40.52424942263279
woxingxiao_BubbleSeekBar,woxingxiao_BubbleSeekBar,4.9,1.3,65.26666666666667
wuhaoyu1990_MagicCamera,wuhaoyu1990_MagicCamera,3.5426136363636362,1.4659090909090908,41.31534090909091
wuyouzhuguli_SpringAll,wuyouzhuguli_SpringAll,5.243386243386244,1.1111111111111112,15.955026455026456
WVector_AppUpdate,WVector_AppUpdate,4.4375,1.15625,45.703125
wxiaoqi_Spring,Cloud-Platform,4.887005649717514,1.4067796610169492,33.9774011299435
wyouflf_xUtils3,wyouflf_xUtils3,5.224770642201835,1.408256880733945,57.61926605504587
xcc3641_SeeWeather,xcc3641_SeeWeather,4.9245283018867925,1.5377358490566038,29.254716981132077
xcltapestry_XCL,Charts,7.740061162079511,2.1773700305810397,71.55045871559633
xiaojieonly_Ehviewer_CN_SXJ,xiaojieonly_Ehviewer_CN_SXJ,6.876923076923077,1.7164835164835164,82.02857142857142
ximsfei_Android,skin-support,6.079012345679012,1.3925925925925926,47.84444444444444
xkcoding_spring,boot-demo,5.051867219917012,1.1307053941908713,14.860995850622407
xpipe,io_xpipe,6.958811613774476,1.574611748818366,41.53274814314652
XRecyclerView_XRecyclerView,XRecyclerView_XRecyclerView,3.9096385542168677,1.4216867469879517,31.03012048192771
xuchengsheng_spring,reading,2.8137931034482757,1.0275862068965518,10.613793103448275
xuexiangjys_XUI,xuexiangjys_XUI,5.732487922705314,1.6594202898550725,54.903985507246375
xuxueli_xxl,job,4.777777777777778,1.128654970760234,51.77777777777778
xxv_android,lifecycle,7.0,1.6666666666666667,80.16666666666667
yacy_yacy_search_server,yacy_yacy_search_server,5.58491895701198,1.3875968992248062,109.00070472163496
Yalantis_Phoenix,Yalantis_Phoenix,4.333333333333333,1.6666666666666667,40.666666666666664
Yalantis_Side,Menu.Android,3.888888888888889,1.2222222222222223,24.944444444444443
Yalantis_uCrop,Yalantis_uCrop,6.337662337662338,1.3636363636363635,61.12987012987013
yangfuhai_ASimpleCache,yangfuhai_ASimpleCache,4.448275862068965,1.4482758620689655,68.72413793103448
yanzhenjie_AndPermission,yanzhenjie_AndPermission,3.994047619047619,1.1666666666666667,26.702380952380953
yanzhenjie_AndServer,yanzhenjie_AndServer,5.0233644859813085,1.5420560747663552,56.21028037383178
yanzhenjie_NoHttp,yanzhenjie_NoHttp,4.456140350877193,1.5,36.96491228070175
yanzhenjie_SwipeRecyclerView,yanzhenjie_SwipeRecyclerView,4.847272727272728,1.3890909090909092,40.32727272727273
yarolegovich_DiscreteScrollView,yarolegovich_DiscreteScrollView,4.228571428571429,1.2476190476190476,35.21904761904762
yasserg_crawler4j,yasserg_crawler4j,5.27710843373494,1.3132530120481927,57.06024096385542
ybq_Android,SpinKit,4.816901408450704,3.1690140845070425,25.52112676056338
yhaolpz_FloatWindow,yhaolpz_FloatWindow,3.772727272727273,1.2727272727272727,33.47727272727273
yipianfengye_android,zxingLibrary,4.711538461538462,1.3269230769230769,38.80769230769231
yixia_VitamioBundle,yixia_VitamioBundle,4.9504950495049505,1.316831683168317,64.36633663366337
YoKeyword_Fragmentation,YoKeyword_Fragmentation,5.232394366197183,1.7077464788732395,31.62323943661972
youlookwhat_CloudReader,youlookwhat_CloudReader,4.75,1.4552845528455285,39.416666666666664
youlookwhat_DesignPattern,youlookwhat_DesignPattern,2.5380710659898478,1.2791878172588833,13.213197969543147
youth5201314_banner,youth5201314_banner,6.082191780821918,1.8356164383561644,37.31506849315068
youtube_api,samples,6.404761904761905,1.0,60.5
yudaocode_SpringBoot,Labs,4.298017771701982,1.053315105946685,12.107997265892003
yuliskov_SmartTube,yuliskov_SmartTube,6.6526479750778815,1.5538940809968846,74.17757009345794
YunaiV_ruoyi,vue-pro,7.896211312700107,1.224119530416222,24.931430096051226
YunaiV_yudao,cloud,7.84704641350211,1.212289029535865,24.182753164556964
zaproxy_zaproxy,zaproxy_zaproxy,4.7415774871185095,1.910820451843044,72.57471264367815
ZCShou_GoGoGo,ZCShou_GoGoGo,7.708333333333333,1.4583333333333333,79.4375
zendesk_maxwell,zendesk_maxwell,6.108974358974359,1.6217948717948718,56.907051282051285
zfdang_Android,Touch-Helper,4.127272727272727,1.1818181818181819,41.03636363636364
zfile,dev_zfile,7.009661835748792,1.5048309178743962,29.915458937198068
zhanghai_Douya,zhanghai_Douya,5.603697749196141,1.6254019292604502,35.87700964630225
zhanglei,workspace_shopping-management-system,3.515463917525773,1.3608247422680413,55.18556701030928
ZHENFENG13_My,Blog,4.758620689655173,1.0517241379310345,41.56896551724138
ZHENFENG13_spring,boot-projects,4.327102803738318,1.074766355140187,24.35514018691589
zhihu_Matisse,zhihu_Matisse,6.657894736842105,1.394736842105263,44.973684210526315
zhisheng17_flink,learning,4.280405405405405,1.1300675675675675,24.41554054054054
zhkl0228_unidbg,zhkl0228_unidbg,5.254936120789779,1.6074332171893146,52.61149825783972
ZhongFuCheng3y_austin,ZhongFuCheng3y_austin,6.2298850574712645,1.1235632183908046,18.78735632183908
zhpanvip_BannerViewPager,zhpanvip_BannerViewPager,5.410958904109589,1.4109589041095891,43.205479452054796
zlt2000_microservices,platform,6.356125356125356,1.2507122507122508,21.837606837606838
zo0r_react,native-push-notification,6.310344827586207,1.2413793103448276,64.96551724137932
zongzibinbin_MallChat,zongzibinbin_MallChat,6.236486486486487,1.2027027027027026,20.855855855855857
zouzg_mybatis,generator-gui,7.17948717948718,1.4871794871794872,78.12820512820512
zq2599_blog_demos,zq2599_blog_demos,4.019241341396372,1.199010445299615,28.579989004947773
zxing_zxing,zxing_zxing,4.983193277310924,1.66218487394958,67.20504201680673
zzhoujay_RichText,zzhoujay_RichText,4.2727272727272725,1.446969696969697,39.28030303030303
